carciofo,139630
Argos,25181
harrierco,24386
JLOSM,21819
Kleper,18023
JosClag,13783
cris_1994,11352
humano,9540
Antares_alf,9290
mono11,7612
harriercoold,6835
Nodes&Roads,6209
"Álvaro Salazar",5603
Manchito,5142
"Juan Carlos Botero Ramirez",4560
waterresource,4027
"Andrey Ruíz",3872
ianturo,3732
"Rodrigo Bolivar",3487
cardenas,3402
fredyaguirrevalencia,3295
karina,3149
"Camilo Alvarez",3123
locodays,3026
danny11,2912
EsneiderAgudelo,2689
arley,2343
geoge,2299
vanessalaro,2295
yennymar,2280
plexi32,2154
rcastib,2060
"Marcela Alvarez",1978
mariotomo,1743
"Alba Cristina",1633
"Mapping Dutchman",1589
"Daniel Sanchez R",1485
"Felipe andres",1477
pipexcd,1468
"Bennet Campoverde",1403
"la 43",1397
"CarturoLópez",1383
jhcanof,1272
"yeskenia ",1223
h4ckypurpl3,1037
mashipura,1022
MikeChuck,980
Rekrutacja,977
dmartinh,959
4rch,954
jesuse,900
opengamin,893
holverarango,890
estebanz01,850
kerrykey,814
zaizone,793
dobozban,756
ProyectoNN,693
Hjart,650
Tshikey,617
fmunozh,586
Saa7,564
dbusse,563
Vlad,556
leonjaramillo,553
Luis36995,523
JuanitoPerez,508
"Santiago Montoya Angarita",508
Coyau,491
ediyes,488
"Juan Alberto",485
asiul28,473
lion_linton,473
macarome,473
"Soluciones Romey",469
July,415
"Juank The Wonder Full",410
Daniel57,394
PedroPJ,380
GEToTo,371
RichRico,359
Alejoisaza,344
Sa_arias,323
arasairam,323
jdanielu,306
LuisGPS,302
Gladysu,296
bastien59360,290
xPES,290
Diegorg,289
Soke,285
AnaC,257
GeoEagle,256
"Hernan Hincapie H",253
Carsal,248
"lelita giraldo",243
123sese,240
Julioe,240
Monita,238
Humberto_Yances,234
"Leonardo Gutierrez",234
"por aya xmelz",234
dmgroom_ct,231
"Andres Henao",229
castropol,229
pablista,207
JDHB,203
Kasperboel,197
Super-Map,197
"Sebastián Salazar",190
"Julián Darío Giraldo Ocampo",187
"German Velez",186
eikofica,185
"ricardo contreras",183
"Andreas Moeller",182
"Lady Dianne",176
JohnToro,172
SStiven,172
juan666,167
hofoen,166
_rockmachine,165
"David Gutiérrez",164
ninjamask,164
Avlc,163
"Parque Biblioteca Tomás Carrasquilla - La Quintana",160
prosenland,159
AstridE,157
bigalxyz123,146
"santiago muñoz arias",140
Goper,133
"Santiago cardona loaiza",132
"Jose Roberto Florez toro",130
netser,130
abel801,122
noxx76,120
steskings,120
cesilesc,116
"Martijn van Laar",106
FvGordon,105
Krispeta,105
jmsang13,105
dannykath,103
dianita,103
Andreslopgal3112,100
SoilRos,100
juliettemlm,100
"Esteban Moscoso Rivera",99
karitotp,96
manuelito,95
canos,94
agranizo,93
"david alvarado",93
gearbelaez,93
"chiki monsalve",92
"ANDY GUDMAN",89
Dimitri_Junker,88
Cristyansv,85
"M Alejo",84
DiegoOrjuela,83
Orlandop10,83
giojem,83
henryelsucio,83
"Andres Munoz",82
sebas_esp,82
andygol,80
brolin,79
luzdapl,79
cvanegas,78
"Alejandro Alzate",76
"Alejandro Tapias Motato",76
"JUAN RICARDO",76
enavarrete,76
BMarjan,75
gabo_lopez,75
Esperanza36,74
"Hector Londono",74
Rps333,74
bavaro,74
dintrans_g,74
"Andres Felipe Arias",72
Biketry,72
"Juan Pablo Saldarriaga",71
"Ricardo Rodriguez",71
etorog,71
Chetan_Gowda,70
calfarome,70
"Juan Aguirre3220",68
poniano,66
CABE01,65
"Diego Galeano",65
SACRISMO,64
ipereto,64
"Nadino la sierra",63
NavasDim,63
nikhilprabhakar,62
quintalez1,62
mlechinoise,61
"Frank Cardona",60
ceyockey,60
pasoapaso,60
Davideste03,59
"Juan Andres",59
judigael,59
Danyes76,57
LeidyE,55
"Alexis Rodriguez",53
"Sir Laffalot",53
botika,53
venerdi,53
"sebas castaño",51
"Esteban Arango Medina",50
JorgeCossio,50
Josepastrana17,50
Paschberg,50
Rub21,50
Josefrancoloaiza,49
karensofiaangel,48
"Soporte AZ SMART",47
"Yors Flow",46
andrewpmk,46
anfeja,46
doblevia,46
ikks,46
Josef73,45
"Paulo Mesa",45
"Saul Franco",45
WingedStone,45
blueandtanit,45
"Alción",44
larusalka,44
lsmg,44
"Camilo Ochoa",43
"Juan Pablo Espinosa",43
abellao,43
prehnitadunita,43
"Nicolás",42
"Diego Pardo",41
jueslomo12,40
Andrea123456789,39
fx99,39
"Victor Hugo Mejia Castrillon",38
gsantiago,37
samely,36
Sirleyomara,34
"johana tabares",34
iohannez,33
peter1989,33
Lore_trujillo,32
alarota,32
"Cartografía",31
"Felipe Cock",31
jdma555,31
@_Juam_,30
"Al Bosque Hostel & Glamping",30
dianamar,30
"john cespedes",30
lpavia,30
Sofi4,29
davidrzuluaga,29
goevinh,29
juanfer16,29
youknowme,29
joanjim,28
lazpololcofee,28
Absaroka,27
Jorjara82,26
PierreO,26
wilmartw5,26
xybot,26
"Aurimas Fišeras",25
EspiaEnemigo,25
ambientalinge,25
hombresigma,25
nordmann70,25
wegavision,25
"Amedinamejía",24
FastAlan,24
aperezl,24
dahiana2004,24
katpatuka,24
maurozo,24
DennisL,23
Julianaly,23
"Leonardo SM",23
"Martha Isabel P",23
Monsalve10,23
Referridos,23
"dayana ramirez",23
dmzu,23
Nandogp,22
Tonycar1,22
beelzebub1409,22
jesteban1011,22
juanjo3221,22
Josedfs77,21
miquito,21
shr1995,21
werner2101,21
"Camila Estrada",20
JaimeSoto,20
Laure_287,20
LuisRod,20
"Mónica Álvarez",20
Schild,20
pacheco789,20
"Alejandro Jaramillo",19
"Andreu Andreu i Andreu",19
Johnnsalesian,19
gomezu710,19
hostalmarrokos,19
"karla taborda17",19
santiago123456,19
"Diego Patino",18
"Fabi Labi",18
"Sala Mi Barrio La Quintana",18
camorap,18
greecemapper,18
rtunjano,18
sarisup240,18
"yismari cordoba",18
CloCkWeRX,17
Helmchen42,17
dpenar,17
"edwin rauL",17
"juan sebastian arenas",17
daossag,16
"santiago isaza hurtado",16
saraedum,16
wheelmap_visitor,16
zurdo,16
"Miguel Mafla",15
brayan123,15
bvivi,15
cgu66,15
esteromatico,15
ASierra,14
AlfaMikeDelta,14
"Alfred Hauptmann",14
Emilien,14
Gloriart,14
"José Luis G",14
"Marce Morales",14
"Mas Urbano",14
"Quebrada Arriba",14
Rjamundarain,14
Vocesdela8,14
anguz,14
bdiscoe,14
cdavila,14
gormur,14
shravan91,14
stiflersk8,14
3rik,13
Albert619,13
El-Explorador,13
LuisaFgm,13
jgvasquez,13
maagoru,13
"nore zapata",13
wooliemonster,13
4k4t4k,12
ArcangelMP,12
"Endry Messias",12
haaijk,12
"kate lopez",12
torrez,12
Ropino,11
SergioMayaB,11
aidaly,11
juanda1913,11
juangmo,11
tdurand,11
AlejoMV,10
AndreAWS,10
"Berenjena Liz",10
EdSS,10
Hestben,10
"Luna Roja",10
Nicolas998,10
"OSMF Redaction Account",10
"YEISON GALEANO PEREZ",10
garciamanu49,10
isabel34,10
jfcalvacheg,10
lvasquez,10
runejuhl,10
sambarboza,10
spp3,10
yuliana951,10
Aleks-Berlin,9
DEIVY,9
"Genesis Velez",9
"Jonatan Cardona",9
Ronos,9
"Santiago Giraldo",9
Sebastian940421,9
"Sergio Marulanda",9
"Tom Zimmermann",9
"Xteban Xcobar",9
"Yeni Abdel",9
heaven521,9
yeison1234,9
"yuleidy mazo",9
Amajave,8
"Biblioteca Electrónica Débora Arango",8
"Biblioteca Familia El Raizal",8
"Cristiano (Velsis)",8
DaJona,8
"Jack 18",8
Jaiderog,8
"Juan Andrés Botero",8
"Mauricio Vasquez",8
"Nora E Montoya A",8
"Paul Smee",8
Salomon_Coronel,8
Yecano,8
alejaruizsuarez,8
castri10,8
eduar2311,8
icaroMDE,8
luismedellin,8
pruebas-azsmart,8
pyram,8
"rutas pol-comuna15",8
uboot,8
"yesica sanchez",8
AlejoManchester,7
"Joaquin Fajardo",7
PlaneMad,7
"Yamid Huertas",7
Yannou5,7
cacu100,7
caospina,7
juanesoc,7
racso822,7
sammanta,7
srividya_c,7
"Alejandro Castañeda A",6
"Andres Felipe Lopera Barrera",6
Andresperez,6
"Bruno Viv",6
"Cristian Garces",6
"Cristiano Carneiro",6
DIANALOPEZ,6
"Daniel Rendon",6
"Eliana Restrepo Brand",6
Jayalo,6
LuzMaryAO,6
Quel-Air,6
Santizul94,6
dani123,6
"daniel londoño",6
danielmaya,6
dforsi,6
felipeacsi,6
juandiegouu,6
manco123,6
mauriciobridge,6
paulinapulgarin,6
rlzzapata,6
santiago_salazar,6
Ankun,5
Batman2,5
CamiloZapataH,5
"Dimas Esteban RIos Arango",5
Esteban8A,5
JONTATTOO,5
"Jhon Bayron Giraldo",5
"Juan Esteban Sarria",5
"Nelson Usuga",5
NomadicVince,5
RoadGeek_MD99,5
"STIVEN YEPES",5
alunizogeno,5
alvarojara,5
beto069,5
danielita12345,5
estradalvaro,5
flechavere34,5
jhombis,5
mariaiquintero,5
srsjojo,5
user_5359,5
yurany,5
Alejanndra,4
"Alvaro Niieto",4
Angelmorales,4
Chuleo,4
"JHON RESTREPO",4
"Jessica Ramirez Erazo",4
"Jorge Mario",4
Juanma,4
Kurly,4
"M"" Isabel Quiroz",4
Nataliavo,4
SantiagoRendon,4
SebassVl,4
Viviana0000,4
camstreet555,4
dpepv,4
jaimerios,4
"jandres Granaco",4
juroca,4
lferrari2,4
nany1959,4
robgeb,4
sebastianalvis,4
skyshark,4
yemelop,4
zekeand,4
"Alexcom Torres",3
"Alfredo Márquez Acosta",3
AndresFRam,3
Basstoelpel,3
"Biblioteca pùblica",3
"CRISTOPHER BERNAL MORALES",3
"Carlos Bolivar",3
"Chloe de Renzy-Martin",3
"Christophe Garreau",3
"Daniel 0rtega",3
Daniel3,3
"David Pulido",3
ElRukbat,3
He07,3
"Jake Strine",3
Jdavidaz,3
"Jorge L Granda",3
JuLibertad,3
Manyepm,3
"Mateusz Konieczny",3
More*_,3
Noisk8,3
"Stiven Salzar",3
Umkal,3
"Wilson Cardona",3
afroemm,3
anacristp,3
carperea,3
daviszu,3
gabrielhincapie,3
iangglass,3
jonesydesign,3
"jorge andres ruiz maya",3
"jose octavio de la rosa mozo",3
juancgranada,3
lbuchy,3
makapillo,3
mateo95131,3
mirmidon,3
nyuriks,3
oscarjm,3
pelayito,3
pepito777,3
rdgutierreza,3
vieweri,3
villaocho,3
woodpeck_repair,3
"Andres AG",2
"Andrés Hincapié",2
Asdrick,2
"Aster Fabio Duque",2
"Benjamin Robert",2
BikeParkingMed,2
CesarSA,2
Chechomen,2
Corinne_Robinson,2
"Corporación SIPAH",2
"Dario Mazo Carmona",2
"David Bustamante",2
Davo26,2
"Diego Andres Fuentes Gonzalez",2
"Dr Kludge",2
EdoM,2
"Eduardo Wilhelm",2
Enock4seth,2
EstebanDrummer,2
Estebanfranco2016,2
Firefishy,2
Geomensura1,2
Hermes1217,2
Hobgoblin,2
Hshaf22,2
"Huber Felipe Vargas",2
"Ivan Restrepo",2
"JORGE FERREIRO",2
Joeanonimo,2
"Jonathan Vallejo Muñoz",2
"Juan Daniel “Juan Sí” Sepúlveda",2
"Juan Manrique",2
"Laura C",2
"Lucas Garcia Arboleda",2
"Luis Fernando Gallego Arcila",2
Manu1400,2
"Mapas Alternos",2
MarieFrance,2
"Marii Sanchex",2
Med,2
"Michael Diego",2
"Miriam Arjona Harry",2
Nherms,2
"Nicolas Cuervo",2
"Owen Cradock",2
"Philip M Bunch",2
R0bst3r,2
"Raul Fernando Gutierrez",2
"Rikke Kjærgaard",2
"Rita Yablonka",2
"Sergio Andres Gil",2
"Tiven Velazkez",2
VanessaDuque,2
"Vladi Konovalov",2
"Walter Kcorahua",2
"Xaver Ansgar",2
ahenaol,2
"aleja lopez",2
anamaria416,2
anfelpa,2
bcrosby,2
botdidier2020,2
carlabajonero,2
cbatman,2
conexionfercho,2
daristizabalph,2
felipesolis500,2
geodreieck4711,2
hocMap,2
jhov1000,2
joalar,2
jota_henao,2
juchernandezdi,2
lanlock,2
ligool,2
marthateresa,2
mbethke,2
oldenburg69,2
perdiente,2
rcdb,2
ruthmaben,2
sakudo,2
wambacher,2
wheelmap_android,2
yecarrillo,2
4b696d,1
7dhd,1
ALTMTR,1
"ANIBAL DUQUE",1
"Albert Hernandez G",1
Almorca,1
"Alonso Guisao",1
"Andreas Kutka",1
"Andres Felipe Escobar Garces",1
"Andres Pava",1
"Andres Rodriguez222",1
"Andres mesa",1
AndrewBuck,1
"Andrés Granda",1
"Andrés Herrera",1
"Arigato Panaderia Artesanal",1
Belcha,1
"Biblioteca El Limonar",1
Bman,1
Bobby-Fischer,1
"Bruno Essig",1
BushmanK,1
Butrabi,1
"Camilo Hernandez Posada",1
Cash421,1
"CastañedaC",1
"Cesar Ortiz Sanchez",1
"Christoph Lotz",1
"Cristian Andres Pestaña Santo",1
"Cristian Stiven Cañas",1
Cuentanet,1
"César Augusto Villa Vahoz",1
"Dan Konig",1
"Daniel Giraldo C",1
"Daniel Meck",1
"Daniel Paez 3116994661",1
"Daniel Roldan",1
Daniel9207,1
Dariopio69,1
"David Acosta Obando",1
"Dery el poeta",1
DesarrolloDomina,1
"Diego Andres Paez",1
ELEINCO,1
EStanek2,1
"Eduardo Arana",1
"Edwin Orozco Rubio",1
"Eliab Torres",1
"Elly Castror",1
"Fabio Suarez",1
"Felipe Arboleda",1
FrViPofm,1
"Fraser Crawford",1
"Gabriel Jaime Ortiz",1
"Galit Navarro",1
Gallor,1
Gaor73,1
"Garcia Rodriguez Maria",1
"Gaétan Lareur",1
"George Donnelly",1
GerdP,1
"Gert Bij",1
"Guillermo León Jimmemo1714ez Ramirez",1
"Henry Pulgarin",1
"Hermes Guardo",1
"Hernan Fajardo",1
"Hosteria Los Lagos",1
"Inbal shelly",1
Itayp,1
"J Siegert",1
JACKELYN,1
JD_Ibata,1
JGCorredor,1
"JJ B Gomez",1
"JOSAME yousam",1
"Jair Gil",1
"Jairo Espinosa",1
"James Paniagua",1
James_Che,1
"Johan Gutiérrez",1
John2007,1
"Jorge Agudelo",1
"Jorge Humberto Moreno F",1
"Jorge parra sanchez",1
"Jose Carlos Torres Camacho",1
"Jose Fernando Muñoz Alvarez",1
Ju4nsk8,1
"Juan Camilo Jimenez Garzon",1
"Juan Carlos Perez Ruiz",1
"Juan David Cardona",1
"Juan Esteban Mora",1
"Juan Esteban Perez",1
"Juan Pablo Gómez Bayona",1
JuanPanCa,1
Juancmartinezg,1
"Julian Cardona H",1
Julrix,1
KernelFreeze,1
"L Lockwood",1
LLAQWA,1
"Lecram Ltre",1
"Leonardo Reyes Barrera",1
Linyera,1
"Lucho Gonzalez",1
"Luis Fernando Calle",1
"Luisa Gómez",1
"Luz Gloria",1
"Maarten Deen",1
"Mafe Urrea",1
Maguves,1
MarcOPolo_,1
MarionG07,1
"Martin Kafka",1
"Mateo Parra",1
"Mauricio Berrio Restrepo",1
Merlekl,1
"Miguel Rueda",1
NE2,1
Natlivings,1
Nelsonagudelovelez,1
"Nicolas Tobon",1
NikOndGo,1
"Nilton Jovanny",1
"Nir Lulavy",1
"Oberpfälzer",1
OffTrekkin,1
Orvac1,1
"Oscar Morales Castano",1
"Osman Paez",1
PaisaGuias,1
"Paola Andrea Otalvaro",1
Pglagerweij,1
"Pieter Spierenburg",1
RenSylvain,1
"Richard Worldtraveller",1
"Rodrigo Montoya",1
"Ruben Dario Guevara",1
"SIORO SAS",1
"Santiago Duque Duque",1
Santivilla,1
"Sebastian Jaramillo Montoya",1
"Sebastian Mejia",1
"Sebastián Mejía Ríos",1
Sonico2210,1
Steeveywhy,1
"Steveň Perež",1
"The Zorro",1
ToSul,1
"Valenzuela López Cristian",1
"Vick thor H",1
"Victor Javier Martinez Zambrano",1
"Walter Schlögl",1
WanMil,1
Wilsonrr,1
Yaazkal,1
"Yesith Zemanate",1
alvararo,1
"andrea ochoa restrepo",1
andrewsh,1
andrex9,1
befana,1
benjizm,1
"biblioteca comunal esmeralda",1
blinkfredy,1
brogo,1
"carlos samboni",1
ceap1989,1
"christian riascos",1
"chucho colombia",1
criosc,1
csdf,1
cumbop,1
danielsaesc,1
davidacardona,1
dbaron,1
derFred,1
dvdmorris,1
electrovan,1
erickdeoliveiraleal,1
fbax,1
felipehoyos1110,1
fmontesbotero,1
gagg,1
geozeisig,1
gomezrojasjuan,1
"hector gomez",1
herrcrowley,1
hezec,1
hiddenkaempfer,1
iMovil,1
icedust,1
j_cook,1
jacobbraeutigam,1
"jakeline David Zapata",1
jfbotero,1
jfmesa,1
"joost schouppe",1
joshnoodle,1
jota1971,1
juagon,1
"juan h",1
juandacorrea,1
juangarciaquintero,1
julzim,1
k1wi,1
lacazadora,1
landfahrer,1
leox227,1
"luifer logreira",1
maggot27,1
mana762,1
"manuela uribe",1
maparanoia,1
"marlon roa",1
maxerickson,1
monitoreo,1
mueschel,1
naoliv,1
neggal,1
nlko,1
nstordcp,1
"oscar D Sampedro Mejía",1
papovich,1
pasko20,1
piligab,1
rafhdez,1
"roy manotas",1
sborjag,1
sinteo,1
srtovar,1
toponel,1
ulfl,1
vademecum,1
vane123,1
vvad,1
walo,1
wreger,1
yogui,1
zaki05,1
"אלישע",1
